Index,RH Zero (t),Spacing
1,14.13472514,
2,21.02203964,6.887314499999999
3,25.01085758,3.9888179400000006
4,30.42487613,5.4140185500000015
5,32.93506159,2.5101854599999953
6,37.58617816,4.651116570000006
7,40.91871901,3.332540849999994
8,43.32707328,2.408354270000004
9,48.00515088,4.678077600000002
10,49.77383248,1.7686816000000007
11,29.455617477618212,-20.31821500238179
12,31.315031778739932,1.8594143011217206
13,32.46704260032767,1.1520108215877407
14,31.761599228526133,-0.7054433718015396
15,34.07568131303984,2.3140820845137036
16,36.011362499066045,1.9356811860262084
17,37.626275007184084,1.6149125081180387
18,39.74966483707064,2.1233898298865554
19,40.72210408793773,0.9724392508670903
20,40.61223128178945,-0.10987280614828165
21,43.719307399312044,3.1070761175225954
22,45.33015166640809,1.6108442670960486
23,46.649259001553126,1.3191073351450342
24,48.53008631387448,1.880827312321351
25,49.63345380032819,1.1033674864537133
26,50.59975021895588,0.9662964186276923
27,51.40264990138363,0.8028996824277499
28,51.13567506640894,-0.26697483497468966
29,54.54199298750569,3.4063179210967434
30,55.62804059925148,1.0860476117457907
31,56.99244962790937,1.3644090286578958
32,56.73746123956777,-0.25498838834160154
33,58.2195774470564,1.4821162074886303
34,61.63354415276167,3.4139667057052705
35,61.8141598546142,0.18061570185253117
36,63.802325490869244,1.9881656362550402
37,64.41024618223902,0.6079206913697774
38,65.66697576504643,1.2567295828074094
39,67.82516893287969,2.158193167833261
40,67.61505454283537,-0.21011439004432475
41,69.46614860111764,1.8510940582822712
42,70.14155272505702,0.6754041239393871
43,71.39815290001295,1.2566001749559206
44,72.74746093686952,1.34930803685657
45,74.49804858753879,1.7505876506692744
46,75.0118743432612,0.513825755722408
47,77.95663619216567,2.944761848904477
48,77.01219575316854,-0.9444404389971339
49,78.92163195279691,1.9094361996283737
50,79.86635735763394,0.9447254048370297
51,82.94663748246445,3.0802801248305087
52,82.88586964637219,-0.06076783609226766
53,84.90699239543154,2.0211227490593586
54,83.5716879455997,-1.3353044498318383
55,86.50275264478935,2.9310646991896476
56,88.30022351772098,1.7974708729316262
57,88.66428277779345,0.3640592600724659
58,90.81547732610615,2.151194548312702
59,90.39737223012342,-0.4181050959827246
60,93.48540813845102,3.0880359083275977
61,95.53316324623218,2.047755107781157
62,94.02650103962722,-1.5066622066049575
63,95.09584491073349,1.0693438711062697
64,98.14373416943117,3.04788925869768
65,99.41597748166487,1.272243312233698
66,98.45671127596513,-0.9592662056997341
67,99.69971579828456,1.2430045223194242
68,100.97566785747638,1.2759520591918232
69,101.0478217959253,0.07215393844892048
70,102.60575997928093,1.5579381833556312
71,103.64977875755163,1.0440187782706971
72,105.0130442231748,1.3632654656231722
73,106.87053906721627,1.8574948440414687
74,108.26132460720439,1.3907855399881157
75,110.69704256690284,2.435717959698451
76,109.26520776842045,-1.4318347984823845
77,112.3625315187111,3.0973237502906414
78,112.27653403802027,-0.08599748069082125
79,113.5510771428794,1.27454310485912
80,115.38311920832646,1.8320420654470695
81,114.69111310733287,-0.6920061009935949
82,117.29959150415101,2.6084783968181426
83,118.1848255289805,0.8852340248294865
84,119.60989388561842,1.4250683566379223
85,120.50359023057527,0.8936963449568509
86,123.76464143710362,3.26105120652835
87,121.7644920368826,-2.0001494002210194
88,122.96212628822721,1.1976342513446099
89,123.95890316724913,0.9967768790219225
90,125.11354425628353,1.1546410890343992
91,126.11669646303918,1.0031522067556438
92,129.02627349498013,2.9095770319409553
93,130.3390717169167,1.3127982219365606
94,129.42729415472547,-0.9117775621912187
95,130.24334506408817,0.8160509093627013
96,132.6229877385392,2.37964267445102
97,132.6734556183321,0.05046787979290457
98,134.93097492669793,2.257519308365829
99,135.57161104159135,0.6406361148934252
100,134.92189126918691,-0.6497197724044383
101,139.0524118899815,4.130520620794584
102,140.36640061574062,1.313988725759117
103,139.02171599858076,-1.3446846171598565
104,140.3091704599199,1.2874544613391379
105,142.04350998078388,1.7343395208639834
106,143.1512984212913,1.10778844050742
107,144.5330262374362,1.3817278161448883
108,146.9407885523596,2.407762314923417
109,145.80821858740026,-1.1325699649593446
110,146.23994778666682,0.43172919926655595
111,146.71051973354278,0.47057194687596393
112,148.40903451216644,1.698514778623661
113,150.15551143350197,1.7464769213355282
114,153.03043465860492,2.874923225102947
115,151.76408436662967,-1.2663502919752432
116,153.5498986030069,1.7858142363772345
117,154.35271418401413,0.8028155810072235
118,156.5991832562868,2.2464690722726743
119,158.9780165278181,2.378833271531306
120,156.959165126001,-2.018851401817102
121,158.0382141195766,1.079048993575583
122,160.6081178910151,2.5699037714385042
123,161.2808494078292,0.6727315168141104
124,163.4793770124237,2.1985276045944886
125,163.2490336712569,-0.23034334116678679
126,163.33698615277373,0.08795248151682244
127,165.31685548516998,1.9798693323962482
128,166.863588767406,1.546733282236005
129,167.60282626894792,0.7392375015419361
130,168.3158634201142,0.7130371511662759
131,169.90030760192096,1.5844441818067594
132,171.0267818651277,1.1264742632067453
133,172.26231988432573,1.2355380191980316
134,172.55037787813987,0.2880579938141352
135,172.7549005184606,0.2045226403207323
136,174.08793725121342,1.3330367327528165
137,176.16580252082537,2.077865269611948
138,175.159303385419,-1.006499135406358
139,177.36074369637515,2.2014403109561442
140,177.6134588832186,0.25271518684346006
141,179.0491757868266,1.4357169036079824
142,181.31143187772378,2.262256090897182
143,181.2355535827336,-0.07587829499018994
144,182.10130052283534,0.8657469401017579
145,181.70436161601012,-0.3969389068252269
146,184.81877864300887,3.1144170269987512
147,185.72527918776797,0.9065005447590977
148,188.2492912010254,2.524012013257419
149,186.783480050016,-1.465811151009376
150,188.31461941666458,1.5311393666485742
151,189.34806110298962,1.033441686325034
152,191.67834495670547,2.330283853715855
153,191.00682460517342,-0.6715203515320525
154,192.38139247958722,1.374567874413799
155,193.70954866783055,1.3281561882433266
156,194.28658078826533,0.5770321204347795
157,194.65090365962914,0.3643228713638109
158,196.28784666472228,1.6369430050931442
159,198.16286918385399,1.8750225191317043
160,197.05727172895823,-1.105597454895758
161,199.21038249071304,2.1531107617548173
162,199.37000124135403,0.15961875064098763
163,202.25696853237102,2.886967291016987
164,200.52963250936685,-1.7273360230041703
165,202.48389969947846,1.954267190111608
166,204.40914703880816,1.925247339329701
167,206.58569106290796,2.1765440240997975
168,205.94177357189193,-0.6439174910160261
169,206.43881262102488,0.49703904913295105
170,209.86079554489743,3.421982923872548
171,207.5163953264156,-2.3444002184818373
172,207.74952477066205,0.2331294442464582
173,211.3714236687088,3.6218988980467373
174,211.4115966364358,0.04017296772701684
175,211.87382891591741,0.4622322794816114
176,214.58400428313556,2.7101753672181417
177,215.09921580582764,0.5152115226920841
178,215.27029071781016,0.17107491198251523
179,215.5322119788072,0.2619212609970418
180,218.66231920599762,3.130107227190422
181,219.41661265412046,0.7542934481228372
182,219.64299486525866,0.22638221113820123
183,222.5637821192215,2.9207872539628283
184,220.62125531091212,-1.942526808309367
185,221.13923577202942,0.517980461117304
186,222.94550493640065,1.8062691643712299
187,224.5637154722211,1.6182105358204524
188,225.82377099704124,1.2600555248201317
189,226.30957222136198,0.48580122432073836
190,227.8724921138108,1.5629198924488321
191,227.23778241174932,-0.6347097020614854
192,230.9012331540058,3.6634507422564866
193,230.34273053747407,-0.5585026165317402
194,232.50886196471606,2.166131427241993
195,232.7002518912393,0.19138992652324305
196,233.77952085806993,1.0792689668306252
197,234.85706132899904,1.077540470929108
198,235.69881891443674,0.8417575854377048
199,236.8569438431615,1.1581249287247601
200,238.50578324122222,1.6488393980607157
201,238.33486483233378,-0.1709184088884399
202,239.80836807029016,1.473503237956379
203,239.96996129255618,0.16159322226602058
204,242.45946317761252,2.4895018850563417
205,241.30192316604396,-1.1575400115685568
206,244.73755012011563,3.4356269540716653
207,243.85407480520843,-0.8834753149072014
208,243.42041366288777,-0.4336611423206591
209,245.93558617582238,2.515172512934612
210,246.08206408833254,0.1464779125101643
211,248.55873822759492,2.4766741392623715
212,248.01979849626647,-0.5389397313284405
213,249.17991957774862,1.1601210814821457
214,248.68959938676446,-0.49032019098416413
215,251.079231268765,2.3896318820005433
216,250.05941984735753,-1.0198114214074678
217,251.85052576476528,1.791105917407748
218,255.14534416068497,3.294818395919691
219,256.12060571693263,0.9752615562476592
220,256.7095179089517,0.5889121920190519
221,256.2657212885864,-0.44379662036527634
222,258.1330089796856,1.8672876910991931
223,259.12453000822995,0.991521028544355
224,258.9165728292688,-0.2079571789611805
225,262.5245369682525,3.607964138983732
226,262.84410166468234,0.3195646964298362
227,262.6907788161887,-0.15332284849364441
228,263.8830386683776,1.1922598521888972
229,265.00835498226246,1.1253163138848663
230,263.701469405928,-1.30688557633448
231,266.4386749644007,2.7372055584727377
232,266.945935329794,0.5072603653932788
233,267.56778911162866,0.621853781834659
234,269.22922380901963,1.6614346973909733
235,272.24835413923614,3.0191303302165124
236,272.03128557776495,-0.21706856147119424
237,271.758473458486,-0.2728121192789672
238,273.8408825939903,2.0824091355042924
239,275.60574322242064,1.7648606284303696
240,276.0685529987235,0.4628097763028336
241,276.14052769250844,0.07197469378496635
242,276.3703879209524,0.22986022844395393
243,278.651427622962,2.2810397020095934
244,279.28202437861376,0.6305967556517658
245,280.71852478231256,1.4365004036988012
246,281.3927566043219,0.6742318220093466
247,282.7408541898542,1.3480975855322868
248,282.08924910129235,-0.651605088561837
249,284.8745300930528,2.7852809917604304
250,284.6868589080191,-0.1876711850337074
251,287.4961176738929,2.8092587658738353
252,285.66274333975525,-1.833374334137659
253,289.0184487890534,3.3557054492981706
254,288.41043165822464,-0.6080171308287845
255,288.49062338705306,0.0801917288284244
256,289.5871632428861,1.0965398558330435
257,290.67919914614936,1.0920359032632518
258,292.35170196775675,1.6725028216073952
259,293.3778557424853,1.0261537747285274
260,293.2083016044413,-0.16955413804396358
261,294.68412792418593,1.4758263197446126
262,297.7767357493832,3.0926078251972626
263,298.2874957926583,0.5107600432751269
264,297.9212702520288,-0.3662255406295003
265,298.44745309848065,0.5261828464518317
266,299.4534953931516,1.0060422946709764
267,300.87051020355153,1.4170148103999054
268,300.15724383872634,-0.7132663648251878
269,301.84522231935523,1.6879784806288853
270,301.3560977673614,-0.4891245519938252
271,304.3455107128221,2.9894129454606855
272,305.5146142576095,1.16910354478739
273,305.30488975771283,-0.20972449989665165
274,308.28225023725787,2.977360479545041
275,306.4022165761554,-1.880033661102459
276,307.08285977692015,0.6806432007647345
277,309.6904746703691,2.607614893448954
278,311.4314472323163,1.740972561947217
279,312.9861426715717,1.554695439255397
280,311.7607388124598,-1.225403859111907
281,314.2152561042616,2.4545172918017784
282,314.014565135986,-0.20069096827558042
283,314.7964928018053,0.7819276658192962
284,316.7683767033131,1.9718839015077947
285,317.452188466316,0.6838117630028933
286,316.13817638530696,-1.3140120810090252
287,320.1053679373578,3.967191552050849
288,320.92273602121395,0.8173680838561381
289,319.8304590069056,-1.0922770143083653
290,321.7647641577874,1.934305150881812
291,322.7754934988493,1.0107293410619036
292,323.4542054217758,0.6787119229264817
293,323.5548623689057,0.1006569471298917
294,324.3447493987928,0.7898870298871543
295,325.90159515634934,1.5568457575565162
296,328.0102277491318,2.108632592782442
297,328.29102324021034,0.28079549107854973
298,328.2863097599283,-0.00471348028202101
299,330.33770224346495,2.051392483536631
300,327.6261205575958,-2.7115816858691346
301,332.5316704854216,4.905549927825803
302,330.55101631806525,-1.980654167356363
303,332.835699902653,2.2846835845877536
304,332.9854688495447,0.1497689468916974
305,333.71704402612414,0.7315751765794403
306,337.0787295964263,3.361685570302143
307,336.35597114388395,-0.7227584525423367
308,338.0755396590188,1.7195685151348243
309,338.5870741811574,0.5115345221386178
310,340.01559176322075,1.428517582063364
311,340.51952782676045,0.5039360635396974
312,340.0634691535834,-0.45605867317703996
313,343.2460856885121,3.182616534928684
314,342.65902342161695,-0.5870622668951455
315,342.4987644699203,-0.16025895169667592
316,344.52940437176125,2.0306399018409707
317,347.36006084881774,2.8306564770564933
318,347.61091423685,0.25085338803228296
319,347.3130432467052,-0.29787099014481555
320,348.21305354077356,0.9000102940683519
321,349.1409065523993,0.9278530116257571
322,352.43913594646654,3.2982293940672207
323,351.64378727079344,-0.7953486756730967
324,352.5909763028706,0.9471890320771763
325,354.08992140298335,1.498945100112735
326,354.1967523217996,0.10683091881622886
327,354.5968696055254,0.40011728372581956
328,355.5571353096959,0.9602657041705243
329,356.5790835597828,1.0219482500868935
330,357.5102899203124,0.9312063605295862
331,359.171598129729,1.6613082094165748
332,359.3920013975523,0.22040326782331476
333,360.9684144061348,1.5764130085825059
334,361.0504098431385,0.08199543700368395
335,362.1047483612634,1.0543385181248937
336,360.9225352543863,-1.1822131068771
337,364.73132375953077,3.8087885051444914
338,365.05538343310303,0.32405967357226473
339,366.60044400538413,1.545060572281102
340,363.5993588521048,-3.001085153279348
341,369.47681198794135,5.877453135836561
342,368.1413147387969,-1.3354972491444528
343,370.2811996025428,2.1398848637459196
344,369.0248699081019,-1.2563296944409217
345,371.568956707245,2.5440867991430878
346,370.79382340199834,-0.7751333052466407
347,372.1141766336201,1.320353231621766
348,375.54233530529785,3.4281586716777497
349,374.3276328893461,-1.2147024159517628
350,375.62541372897505,1.297780839628956
351,377.16736961655056,1.5419558875755115
352,377.68196149765834,0.5145918811077763
353,378.2253341538661,0.5433726562077368
354,379.32817101904527,1.1028368651791993
355,382.25458070432506,2.9264096852797934
356,380.6811629573399,-1.5734177469851716
357,381.82716015964843,1.1459972023085356
358,383.56365877370615,1.736498614057723
359,384.5051386570645,0.9414798833583404
360,385.4729176257301,0.9677789686655842
361,385.81055954857175,0.3376419228416694
362,384.9144349838579,-0.8961245647138298
363,388.57615170874635,3.6617167248884357
364,386.68132591207257,-1.8948257966737856
365,389.01492987964787,2.3336039675753
366,388.8423147792291,-0.17261510041873862
367,390.41642272089877,1.574107941669638
368,391.6929692504164,1.2765465295176455
369,392.5688862666918,0.8759170162753662
370,393.552449552457,0.9835632857652286
371,395.6269184407323,2.0744688882753053
372,395.3490995570658,-0.2778188836664981
373,395.5334474919136,0.18434793484777856
374,397.62341202571866,2.089964533805073
375,398.73019899946263,1.106786973743965
376,397.194208329264,-1.5359906701986574
377,399.89998888036394,2.705780551099963
378,400.88422029636007,0.9842314159961347
379,400.7656299105495,-0.11859038581059167
380,403.31873423609585,2.5531043255463715
381,402.67249502016926,-0.6462392159265846
382,403.8273404410542,1.1548454208849535
383,404.40759675400847,0.5802563129542477
384,405.4748444352736,1.067247681265144
385,405.2412803312962,-0.23356410397741456
386,405.77548878370277,0.534208452406574
387,409.68772418588986,3.9122354021870933
388,408.1236334238295,-1.5640907620603457
389,408.8562752443897,0.7326418205601612
390,408.5710484475503,-0.2852267968393676
391,410.9619468941207,2.390898446570361
392,411.153989004535,0.19204211041432018
393,414.99496514625304,3.840976141718045
394,415.238340246724,0.24337510047098476
395,414.4156489121377,-0.8226913345862954
396,418.2312150314162,3.815566119278458
397,417.83522948541474,-0.395985546001441
398,417.4030231202974,-0.432206365117338
399,416.1025459514914,-1.300477168806026
400,421.76669897758626,5.66415302609488
401,418.95969716662404,-2.8070018109622197
402,419.577093513111,0.6173963464869416
403,423.1179956204512,3.54090210734023
404,425.4078217231737,2.289826102722486
405,425.22469835704385,-0.18312336612984836
406,425.2764038618802,0.05170550483637726
407,426.17903215171515,0.9026282898349223
408,427.30919118039367,1.13015902867852
409,428.08591763984157,0.7767264594479002
410,428.4791103880403,0.3931927481987145
411,429.1727673315101,0.6936569434698185
412,429.87633857175143,0.703571240241331
413,430.0550516458923,0.17871307414088733
414,431.3981456057382,1.3430939598458735
415,430.85538907406664,-0.5427565316715572
416,433.3192530653949,2.463863991328253
417,433.29797082311967,-0.021282242275219687
418,434.05166511663083,0.7536942935111597
419,436.2035651809072,2.15190006427639
420,438.28381482670267,2.0802496457954476
421,438.6779963895922,0.3941815628895142
422,437.05677296935585,-1.6212234202363334
423,438.50496658111757,1.4481936117617238
424,441.30241521053455,2.7974486294169765
425,440.2459348945461,-1.0564803159884377
426,441.8702971605686,1.6243622660225014
427,443.5112209810446,1.6409238204759617
428,442.85879433541237,-0.6524266456322039
429,444.7982163251393,1.9394219897269522
430,444.2242502527759,-0.5739660723634188
431,445.82207670784345,1.5978264550675476
432,447.6081293367792,1.7860526289357495
433,446.5599919339864,-1.048137402792804
434,449.4578346476839,2.8978427136975142
435,449.86183308962796,0.4039984419440543
436,451.2978093137774,1.4359762241494423
437,451.8328202076305,0.535010893853098
438,453.8363722086765,2.003552001045989
439,453.4605217210849,-0.375850487591606
440,453.76869759147456,0.3081758703896753
441,455.1829477602461,1.4142501687715594
442,456.46623735355934,1.2832895933132136
443,456.83383113334503,0.3675937797856932
444,457.6873378886759,0.8535067553308977
445,457.8062737611469,0.11893587247095638
446,458.706628617317,0.9003548561701109
447,458.82793389717693,0.12130527985993922
448,462.84087180461296,4.012937907436026
449,460.70793468338223,-2.132937121230725
450,462.1191432462176,1.4112085628353839
451,462.9536400710346,0.8344968248169948
452,465.42671966943493,2.473079598400318
453,465.0963433258424,-0.33037634359254753
454,467.4982832332089,2.4019399073665113
455,466.4360498230132,-1.062233410195688
456,468.24728570867694,1.8112358856637343
457,467.9914480836304,-0.2558376250465244
458,471.83020102174567,3.838752938115249
459,469.35546407073605,-2.4747369510096178
460,471.71064830324883,2.3551842325127836
461,472.8921247501333,1.18147644688446
462,473.5294230779488,0.6372983278155289
463,473.7873689269809,0.25794584903206896
464,474.69962564127906,0.9122567142981666
465,475.72980537046635,1.0301797291872958
466,476.3952979060067,0.665492535540352
467,478.36224413144936,1.9669462254426548
468,480.464712864203,2.102468732753664
469,478.5522833064551,-1.9124295577479415
470,478.59531835849737,0.04303505204228486
471,480.73194718790245,2.1366288294050833
472,484.2548087544046,3.522861566502172
473,481.7260579393282,-2.528750815076421
474,485.0232459380685,3.2971879987402986
475,485.91599072855166,0.8927447904831638
476,484.53862722992534,-1.3773634986263232
477,486.51488949912533,1.9762622691999923
478,488.42775999544347,1.9128704963181349
479,487.2734591977885,-1.1543007976549688
480,488.30199736635683,1.028538168568332
481,488.77665542569,0.47465805933319416
482,489.1961066490525,0.4194512233625005
483,490.413881900321,1.2177752512684492
484,490.69128486560476,0.27740296528378394
485,492.8011445019625,2.1098596363577258
486,492.8486945085887,0.04755000662623843
487,494.7038317494933,1.8551372409045825
488,493.7653002664393,-0.938531483054021
489,496.5029987787454,2.7376985123061104
490,497.85634328034536,1.3533445015999632
491,495.87954816338237,-1.9767951169629896
492,499.0975841520678,3.218035988685415
493,500.80121521140666,1.7036310593388748
494,499.21369926617746,-1.5875159452291996
495,502.9454827330346,3.7317834668571663
496,502.54127597586734,-0.4042067571672874
497,502.266368851036,-0.27490712483131574
498,503.7645130478779,1.4981441968419063
499,505.2272886911689,1.4627756432909678
500,505.59342561094365,0.36613691977476037
501,506.90441399153286,1.3109883805892082
502,506.2930020726446,-0.6114119188882796
503,508.23083458941966,1.9378325167750745
504,507.49533834464575,-0.7354962447739126
505,509.6451873739223,2.149849029276538
506,509.6996484437021,0.054461069779790705
507,510.7149513848636,1.015302941161508
508,513.5332828711635,2.8183314862998827
509,514.2349918427062,0.7017089715427574
510,514.5990960559218,0.36410421321556896
511,513.7437060967262,-0.8553899591955769
512,515.3654565759771,1.6217504792508635
513,517.740594649903,2.375138073925882
514,517.5146320675834,-0.22596258231953925
515,520.5374496952144,3.022817627630957
516,519.456430308415,-1.0810193867994258
517,520.0999417247682,0.6435114163532489
518,520.4433446195304,0.34340289476222097
519,521.7303593086648,1.2870146891343666
520,522.2884952386281,0.5581359299633277
521,523.9930102778807,1.7045150392525557
522,525.08533080112,1.092320523239323
523,524.1861567636188,-0.8991740375012114
524,524.4842223645961,0.29806560097733836
525,524.8223508887145,0.3381285241183605
526,528.0094408753082,3.187089986593719
527,527.2407690628697,-0.7686718124384697
528,527.0337245198589,-0.20704454301085207
529,530.4174669711849,3.383742451326043
530,533.363955432878,2.946488461693093
531,531.7067473304506,-1.6572081024273757
532,533.3929666014911,1.6862192710404997
533,533.4777585078464,0.08479190635523537
534,534.1382890322533,0.6605305244069086
535,535.997301393122,1.8590123608687463
536,535.6287937518318,-0.36850764129019353
537,537.0271016278336,1.3983078760018088
538,537.921846238231,0.8947446103973107
539,537.7722956639055,-0.14955057432541707
540,540.2724651845888,2.5001695206832437
541,539.9452992906558,-0.3271658939329427
542,540.2041500558237,0.25885076516783556
543,542.3358416414674,2.1316915856436935
544,541.7401012703398,-0.5957403711275902
545,543.5057891905261,1.7656879201863376
546,544.3073295975832,0.8015404070571321
547,546.2409869525486,1.9336573549653622
548,546.4682350930156,0.22724814046694064
549,546.8067585033939,0.3385234103783432
550,548.4876039377405,1.6808454343465655
551,549.8979013823368,1.410297444596381
552,549.9031647949887,0.005263412651856925
553,550.1931726646847,0.2900078696959554
554,549.708254708132,-0.4849179565526356
555,550.7920539492444,1.0837992411123878
556,552.3888257909813,1.5967718417368815
557,552.921227820585,0.5324020296037588
558,554.1802653230154,1.259037502430374
559,555.260190659711,1.0799253366956236
560,556.5693455315117,1.3091548718006152
561,556.8050744012091,0.23572886969748197
562,558.197804009507,1.3927296082978273
563,558.611315174023,0.4135111645160805
564,557.406722214634,-1.2045929593890605
565,559.2780114566225,1.8712892419885065
566,560.9082278296097,1.6302163729872063
567,560.6774000589078,-0.2308277707019215
568,563.3216142441221,2.6442141852143095
569,565.0868387675896,1.7652245234675092
570,565.6090643279509,0.5222255603613348
571,565.0108866757332,-0.5981776522177142
572,567.5488956912194,2.538009015486182
573,567.0404903628566,-0.5084053283627554
574,567.3882040340817,0.34771367122505126
575,567.9451685925519,0.556964558470213
576,569.0891973733501,1.1440287807981804
577,569.8364009978237,0.7472036244736273
578,571.2277201464118,1.3913191485880816
579,572.0504197607086,0.8226996142967664
580,572.7252497986433,0.6748300379347256
581,573.9913164839948,1.2660666853514613
582,575.5770160539079,1.5856995699131176
583,576.1677326992159,0.5907166453080208
584,574.5649070889089,-1.6028256103070362
585,574.3273285126182,-0.23757857629061618
586,578.6468326316473,4.319504119029034
587,577.1767159622672,-1.4701166693801042
588,579.1497304496318,1.973014487364594
589,579.0351036485823,-0.11462680104943956
590,579.2337770726987,0.19867342411635036
591,582.407581465429,3.1738043927302897
592,583.4554558931216,1.0478744276925909
593,582.9497934722373,-0.5056624208842777
594,581.7650862399842,-1.1847072322531176
595,584.6395306351067,2.8744443951225094
596,586.4070479036865,1.7675172685798088
597,585.36562377835,-1.041424125336448
598,587.8570097184796,2.4913859401295895
599,588.4872777712669,0.6302680527873008
600,589.910640677986,1.423362906719035
601,590.2795152056135,0.368874527627554
602,590.0152760192955,-0.26423918631803645
603,593.0131514109137,2.9978753916182086
604,592.486110471964,-0.5270409389496535
605,593.4452211871198,0.9591107151558163
606,593.3669693529787,-0.078251834141156
607,594.6844929066185,1.3175235536398304
608,595.0703369051032,0.3858439984846882
609,596.6093849899959,1.53904808489267
610,599.3210582829142,2.7116732929183627
611,597.0642950860457,-2.256763196868519
612,597.6493092806492,0.5850141946034455
613,601.5605438276116,3.911234546962419
614,600.7063813640167,-0.8541624635948892
615,601.0727929091549,0.3664115451382486
616,603.6077603523198,2.5349674431648737
617,602.7880598963608,-0.8197004559590368
618,606.0453350172287,3.2572751208679165
619,605.7227314801098,-0.32260353711888
620,605.3822052830683,-0.34052619704152676
621,608.8525671028905,3.4703618198221875
622,606.9145176183813,-1.938049484509179
623,609.0871333546595,2.1726157362782033
624,609.4689681287665,0.3818347741070056
625,611.2958868616399,1.8269187328734233
626,612.3799595835414,1.0840727219015207
627,611.6745884724686,-0.70537111107285
628,611.7131358417885,0.038547369319871905
629,613.7503290248919,2.0371931831034544
630,613.4362787908666,-0.3140502340253306
631,616.9508531222466,3.514574331380004
632,615.8973076807581,-1.0535454414884953
633,616.2185923584293,0.3212846776712013
634,617.5915711838835,1.3729788254541972
635,616.8825772869267,-0.7089938969568266
636,618.0807382873497,1.198161000423056
637,621.0752513538416,2.9945130664918906
638,620.0402649761295,-1.03498637771213
639,620.4724070881964,0.4321421120669129
640,622.8779669620429,2.405559873846528
641,624.3488521408459,1.4708851788029733
642,624.7037730256056,0.3549208847597356
643,625.8023773945512,1.09860436894553
644,624.8708831908853,-0.9314942036659204
645,625.0270550710919,0.15617188020667072
646,628.7712260455153,3.744170974423355
647,627.7680787163863,-1.0031473291289785
648,628.6606315139035,0.892552797517169
649,631.0602047672473,2.399573253343874
650,631.1086271551304,0.048422387883078954
651,631.8285121677568,0.7198850126263778
652,634.3576950234024,2.5291828556455584
653,632.3690840660456,-1.988610957356741
654,634.7601936787023,2.3911096126566918
655,634.7089598661181,-0.05123381258420068
656,635.7399744461884,1.0310145800702912
657,637.8191285534169,2.0791541072285327
658,637.6176166735946,-0.20151187982230567
659,638.4670409133051,0.8494242397105154
660,639.8200595101804,1.3530185968752448
661,639.2012504976129,-0.6188090125674535
662,639.5454886227743,0.3442381251613824
663,640.1582284597257,0.6127398369513912
664,640.0548650196898,-0.10336344003587783
665,644.8954575760313,4.8405925563414485
666,642.5539160881375,-2.341541487893778
667,644.2535902968422,1.6996742087046641
668,645.0155958329915,0.7620055361493314
669,646.4172270751387,1.4016312421472321
670,647.7428151514634,1.3255880763247205
671,648.6046555902122,0.8618404387487999
672,647.9780557107782,-0.6265998794340248
673,649.2108096499034,1.232753939125132
674,650.4771569767042,1.266347326800883
675,650.762379291136,0.28522231443173496
676,653.4347573924766,2.672378101340655
677,653.1345764537898,-0.3001809386868217
678,654.1945175380498,1.0599410842600037
679,654.9384081113418,0.743890573291992
680,656.2647369074125,1.3263287960706975
681,656.0878702073004,-0.17686670011210026
682,655.4254519646546,-0.6624182426457992
683,657.937257066743,2.511805102088374
684,657.7013476340642,-0.23590943267879538
685,658.6390737406801,0.937726106615969
686,660.5688910877967,1.9298173471165683
687,662.0354978085646,1.4666067207679134
688,661.63302527199,-0.40247253657457804
689,662.734977223685,1.1019519516949003
690,664.9426014960611,2.207624272376165
691,664.2952341616889,-0.6473673343722339
692,667.4701108826483,3.174876720959446
693,666.2477368200551,-1.2223740625931896
694,664.7351167042467,-1.5126201158084314
695,668.0627265189876,3.3276098147408675
696,668.5039021243759,0.4411756053883664
697,670.2257090030947,1.7218068787187804
698,670.4222040376451,0.19649503455036665
699,670.4234873266945,0.001283289049410996
700,670.1504201438921,-0.27306718280237874
701,671.9783248950259,1.827904751133815
702,672.1493124294601,0.17098753443417536
703,673.2316493802242,1.0823369507641019
704,675.2129466507656,1.981297270541404
705,677.1063238911073,1.8933772403416924
706,676.6429980344091,-0.46332585669824766
707,675.8642067903164,-0.7787912440926448
708,678.3163123499828,2.4521055596663928
709,679.8798177303736,1.5635053803907795
710,678.8847368840387,-0.9950808463348721
711,680.1716933982962,1.2869565142574402
712,681.1314470168159,0.9597536185196986
713,681.1427664943669,0.011319477551069212
714,683.3867092018553,2.2439427074883724
715,683.428102801341,0.041393599485672894
716,684.7790640425662,1.3509612412252636
717,684.2823787809672,-0.4966852615990547
718,685.5426109738117,1.260232192844569
719,687.5125081456757,1.9698971718639768
720,687.2272105901438,-0.2852975555318835
721,690.1367842301016,2.9095736399577845
722,688.819820752945,-1.3169634771566052
723,690.2536383871242,1.4338176341791495
724,691.7709016184926,1.5172632313684744
725,690.2291628199367,-1.5417387985559117
726,690.6957983859688,0.466635566032096
727,691.7398906443763,1.0440922584074315
728,695.3369321756405,3.597041531264267
729,694.3311526274784,-1.0057795481620815
730,698.2497345829795,3.918581955501054
731,695.9356742795436,-2.3140603034358946
732,697.4927220526816,1.5570477731380379
733,699.6583920964554,2.16567004377373
734,700.9303491815791,1.271957085123745
735,701.7935970060149,0.8632478244358026
736,701.7481600129447,-0.04543699307021143
737,702.3714201080322,0.6232600950875167
738,702.7473120073653,0.37589189933305533
739,703.740437514827,0.9931255074617411
740,703.2180462351625,-0.5223912796644754
741,703.7580529403218,0.5400067051592714
742,705.379761824405,1.6217088840832048
743,706.019700928891,0.6399391044859613
744,706.5432718082413,0.5235708793503591
745,708.4993668720733,1.956095063831981
746,709.5646296847945,1.06526281272113
747,709.5039421216703,-0.0606875631241337
748,711.6991420054512,2.1951998837809015
749,709.8858656507879,-1.8132763546633441
750,711.639704518654,1.7538388678660795
751,711.9222174631443,0.2825129444903496
752,711.5780457849419,-0.34417167820242867
753,714.1673113658894,2.58926558094754
754,714.9335214428546,0.7662100769651943
755,717.3738630614615,2.440341618606908
756,717.2962370542685,-0.07762600719297552
757,716.4461184977815,-0.8501185564870184
758,720.1291459574903,3.6830274597087964
759,720.3007034874801,0.17155752998974094
760,720.4662524424406,0.16554895496051358
761,720.4620243471878,-0.004228095252756248
762,720.5332918896252,0.07126754243734013
763,721.9246162163997,1.3913243267745656
764,724.1895328760465,2.264916659646815
765,725.7892014352112,1.5996685591646838
766,726.2515593502366,0.4623579150253363
767,725.0230371226901,-1.2285222275464776
768,725.1957100729775,0.17267295028739227
769,727.2595251630851,2.063815090107596
770,726.153381616863,-1.1061435462220288
771,729.048041626825,2.8946600099619673
772,729.3801953275293,0.3321537007043389
773,729.8645566905286,0.484361362999266
774,729.5385568868846,-0.32599980364398107
775,732.4493985108679,2.9108416239832877
776,732.2055079077847,-0.24389060308317312
777,732.370574351902,0.16506644411720117
778,731.4703837149377,-0.9001906369642256
779,735.1171582670515,3.6467745521138113
780,737.7188247181791,2.601666451127585
781,738.4096051926527,0.6907804744736268
782,737.0928956863846,-1.3167095062681256
783,737.7492991562485,0.6564034698639034
784,739.6216782550241,1.872379098775582
785,738.9557850501508,-0.6658932048733277
786,741.0571027863788,2.1013177362279976
787,742.3224056672043,1.2653028808255158
788,743.5841474176465,1.2617417504421837
789,743.0578234219847,-0.5263239956617554
790,743.754941749264,0.6971183272793269
791,743.8811458058892,0.12620405662516987
792,744.7326360194353,0.8514902135460716
793,746.1333007448678,1.4006647254325344
794,747.5272838836313,1.393983138763474
795,748.8735174135815,1.3462335299501547
796,747.9566441108752,-0.9168733027062217
797,751.0522779610365,3.095633850161221
798,750.0881083699658,-0.9641695910706858
799,751.1373836955541,1.0492753255883827
800,751.2109349606258,0.07355126507161458
801,750.3331788508234,-0.8777561098023625
802,754.4406139901723,4.107435139348922
803,755.0924391744168,0.6518251842444442
804,754.8731717933929,-0.219267381023883
805,756.0202717189425,1.1470999255495826
806,757.2678796364668,1.2476079175243058
807,755.9879319320544,-1.2799477044123933
808,757.8198406216774,1.831908689622992
809,759.9414518148835,2.1216111932061494
810,758.6910700602184,-1.2503817546651135
811,761.0369684607841,2.3458984005657157
812,760.1847586510291,-0.8522098097549815
813,762.8055794311159,2.620820780086774
814,763.1011962090887,0.2956167779727821
815,762.319273551029,-0.7819226580596705
816,765.8965920124499,3.577318461420873
817,764.7945881699229,-1.1020038425269831
818,765.5161343777636,0.7215462078406745
819,767.324043240553,1.807908862789418
820,769.0690789624422,1.7450357218891668
821,767.7014678850381,-1.3676110774040353
822,769.5756983458493,1.8742304608111908
823,770.7394446684758,1.16374632262648
824,771.8002245063993,1.0607798379235192
825,772.0799324224505,0.27970791605116574
826,772.3327164108857,0.2527839884352261
827,772.6682890041034,0.3355725932176483
828,774.3780398513146,1.7097508472112395
829,774.0156556447969,-0.3623842065177314
830,772.9622249825868,-1.0534306622100758
831,777.115798375632,4.153573393045235
832,778.378718988882,1.262920613250003
833,775.9072799338652,-2.4714390550168446
834,778.0557927054882,2.148512771623018
835,780.4798717045949,2.424078999106655
836,782.7132901122465,2.233418407651584
837,781.4715488871957,-1.2417412250507596
838,781.5175962853406,0.04604739814487857
839,782.8574305141387,1.3398342287981677
840,785.2098149557913,2.352384441652589
841,783.9834699622853,-1.226344993506018
842,784.6246219330789,0.641151970793544
843,785.7353345791494,1.1107126460705103
844,786.0588981872344,0.32356360808500995
845,787.9289305070346,1.8700323198002025
846,790.2248569148167,2.2959264077820762
847,789.7170610324586,-0.5077958823580957
848,789.9353167653805,0.21825573292198897
849,790.6894328789615,0.7541161135809489
850,790.21151275835,-0.4779201206115431
851,793.4511584683153,3.239645709965316
852,793.2834424889412,-0.16771597937406568
853,793.9739168030891,0.6904743141478775
854,798.1405075160292,4.166590712940092
855,796.0390424532375,-2.1014650627917035
856,795.7812746206187,-0.25776783261881064
857,796.8993708930453,1.1180962724266692
858,799.2667238727906,2.3673529797453057
859,799.0239852669633,-0.24273860582729867
860,798.264760751685,-0.7592245152783335
861,801.4144788807318,3.149718129046846
862,800.6192045807579,-0.7952742999739257
863,803.9526328276281,3.3334282468701986
864,803.9512573277799,-0.0013754998482227165
865,803.2156495627513,-0.7356077650285897
866,805.7356381619127,2.5199885991613655
867,805.3140159572123,-0.4216222047003839
868,806.8903612319583,1.5763452747460178
869,807.3136361064172,0.42327487445891165
870,806.7737511466352,-0.5398849597820572
871,807.7676514197008,0.9939002730656057
872,810.2321446151454,2.4644931954446747
873,809.6582802630168,-0.5738643521286804
874,810.3801683379074,0.7218880748906713
875,810.6193449923454,0.23917665443798342
876,812.788607128003,2.1692621356576183
877,815.2179633477873,2.4293562197842675
878,812.8782259106964,-2.339737437090889
879,814.760188862757,1.8819629520605758
880,816.9382908814201,2.1781020186631395
881,816.2364203471321,-0.7018705342879912
882,817.5583155927262,1.321895245594078
883,816.8333231250364,-0.7249924676898445
884,819.1136875581983,2.2803644331619353
885,819.2877911069983,0.17410354879996248
886,821.2501115336173,1.9623204266190442
887,822.2411051616916,0.9909936280743068
888,824.4325118815378,2.1914067198462135
889,823.2117022498941,-1.2208096316437604
890,823.7468780883777,0.5351758384836103
891,824.4043707762468,0.6574926878690803
892,824.645617041918,0.24124626567117957
893,826.1259563444846,1.4803393025666765
894,826.2806527120875,0.1546963676029236
895,827.5329893229094,1.2523366108218852
896,829.4704928577975,1.9375035348880374
897,827.9346126311519,-1.5358802266455314
898,830.869186677681,2.9345740465290646
899,831.8344692967065,0.9652826190255155
900,831.1872251543344,-0.6472441423720738
901,829.9712717195035,-1.215953434830908
902,832.27303119955,2.301759480046485
903,834.9654680776388,2.692436878088756
904,834.4331197345058,-0.5323483431329805
905,834.2440938961627,-0.18902583834312736
906,835.5259237490804,1.281829852917781
907,837.6585155927767,2.1325918436962183
908,838.1517205281067,0.4932049353300272
909,838.15304089524,0.0013203671333030798
910,838.8120294008177,0.6589885055776676
911,839.5738714080236,0.761842007205928
912,839.8298901853584,0.25601877733481615
913,843.1542420822618,3.3243518969034085
914,842.0030072981043,-1.1512347841575092
915,844.3288431553465,2.3258358572421685
916,845.419253187078,1.0904100317314942
917,845.6823963077685,0.26314312069052903
918,845.0385092852553,-0.6438870225132405
919,846.6597999302637,1.6212906450084574
920,847.0177106684636,0.3579107381998483
921,846.9239371810557,-0.09377348740781599
922,848.9376275611348,2.0136903800790833
923,848.2197543349297,-0.7178732262051426
924,851.3718961082923,3.1521417733625867
925,850.5049189010184,-0.8669772072738624
926,851.9559123547658,1.450993453747401
927,852.823154230117,0.8672418753511693
928,853.0659723403256,0.24281811020864552
929,854.6964795030923,1.630507162766662
930,854.4196880007282,-0.2767915023640626
931,856.5505926143768,2.1309046136485676
932,855.1179171354379,-1.4326754789389042
933,857.3747758682264,2.256858732788487
934,859.9717228696728,2.5969470014464378
935,857.8167583712673,-2.1549644984055476
936,858.9235389279909,1.1067805567236064
937,860.8992844619412,1.9757455339503167
938,861.3489497525302,0.44966529058899596
939,862.3038882058123,0.954938453282125
940,863.2262342830537,0.9223460772414
941,864.155456710716,0.9292224276622392
942,865.4140223483844,1.2585656376684256
943,865.4976277344862,0.08360538610179447
944,865.6299374324392,0.13230969795301917
945,867.3270543673331,1.6971169348938702
946,869.3375478805604,2.0104935132272885
947,868.0881173098578,-1.2494305707025433
948,868.0292068234543,-0.05891048640353347
949,870.8937019605648,2.8644951371105662
950,870.449025511397,-0.4446764491677868
951,869.1794228636741,-1.2696026477229907
952,872.9821003004791,3.8026774368050837
953,872.3818372590524,-0.6002630414267287
954,873.6090197208471,1.227182461794655
955,874.8138217564594,1.2048020356123743
956,875.4545305208295,0.6407087643700606
957,876.7555731932947,1.3010426724652007
958,876.3926267878621,-0.36294640543258083
959,878.123112112982,1.7304853251198438
960,878.1322542943227,0.009142181340735078
961,879.9123077369546,1.7800534426319246
962,880.5704627773372,0.6581550403825531
963,879.8011565073756,-0.7693062699615894
964,882.6039792459792,2.802822738603595
965,881.7633377345182,-0.8406415114609445
966,883.8885652820505,2.1252275475322904
967,884.2289034801905,0.3403381981399889
968,886.4808110297716,2.2519075495811194
969,885.2000751839548,-1.280735845816821
970,885.8550409344298,0.6549657504749575
971,886.9656575631737,1.1106166287439692
972,887.4625198221685,0.49686225899472447
973,889.3461670631646,1.8836472409960834
974,887.7103433518511,-1.635823711313492
975,889.0533037053359,1.342960353484841
976,889.8194188542286,0.7661151488927089
977,892.6176686279592,2.7982497737306176
978,894.1580173990384,1.5403487710791524
979,893.1229016498445,-1.035115749193892
980,893.8383799594557,0.7154783096111714
981,894.8570087529669,1.0186287935111977
982,896.7284940129441,1.8714852599772485
983,895.4188260299559,-1.3096679829882305
984,897.3640160537999,1.9451900238440203
985,898.8802171803807,1.5162011265807678
986,899.185390891919,0.305173711538373
987,899.6530603207682,0.46766942884914897
988,901.2436117084266,1.5905513876583655
989,898.3183252824707,-2.9252864259558464
990,902.4783300206834,4.160004738212706
991,901.9251814276627,-0.5531485930207509
992,901.527332025142,-0.39784940252070555
993,904.6477808516519,3.1204488265099144
994,906.288755763422,1.6409749117701722
995,905.556073422586,-0.7326823408360497
996,907.4247270727487,1.8686536501627415
997,908.8623673575363,1.4376402847875625
998,909.3431462288324,0.4807788712961383
999,910.4462451977882,1.1030989689558055
1000,910.3263633856327,-0.1198818121555405
